ID,cnt
13904,271
13905,271
13906,253
13907,268
13908,373
13909,763
13910,770
13911,564
13912,394
13913,267
13914,223
13915,136
13916,47
13917,21
13918,13
13919,10
13920,12
13921,41
13922,162
13923,493
13924,671
13925,327
13926,203
13927,218
13928,271
13929,265
13930,252
13931,276
13932,423
13933,779
13934,762
13935,601
13936,443
13937,327
13938,240
13939,151
13940,58
13941,27
13942,17
13943,12
13944,15
13945,33
13946,161
13947,484
13948,691
13949,334
13950,198
13951,219
13952,277
13953,268
13954,263
13955,278
13956,419
13957,799
13958,728
13959,589
13960,431
13961,297
13962,227
13963,167
13964,78
13965,38
13966,23
13967,15
13968,8
13969,24
13970,117
13971,301
13972,409
13973,351
13974,193
13975,224
13976,317
13977,333
13978,319
13979,313
13980,456
13981,747
13982,677
13983,495
13984,369
13985,283
13986,228
13987,178
13988,134
13989,99
13990,70
13991,31
13992,17
13993,19
13994,47
13995,84
13996,175
13997,288
13998,433
13999,498
14000,547
14001,546
14002,537
14003,535
14004,518
14005,397
14006,373
14007,251
14008,129
14009,228
14010,196
14011,141
14012,135
14013,106
14014,78
14015,39
14016,13
14017,12
14018,31
14019,76
14020,156
14021,269
14022,411
14023,490
14024,553
14025,543
14026,536
14027,530
14028,530
14029,525
14030,471
14031,407
14032,328
14033,252
14034,177
14035,108
14036,49
14037,22
14038,12
14039,8
14040,10
14041,29
14042,143
14043,478
14044,673
14045,325
14046,210
14047,228
14048,275
14049,271
14050,255
14051,276
14052,438
14053,840
14054,810
14055,605
14056,421
14057,299
14058,213
14059,125
14060,49
14061,21
14062,12
14063,11
14064,13
14065,39
14066,134
14067,477
14068,660
14069,337
14070,185
14071,226
14072,279
14073,268
14074,257
14075,263
14076,435
14077,712
14078,815
14079,607
14080,415
14081,325
14082,243
14083,145
14084,55
14085,25
14086,16
14087,12
14088,15
14089,39
14090,163
14091,494
14092,691
14093,339
14094,207
14095,226
14096,280
14097,279
14098,252
14099,266
14100,441
14101,820
14102,835
14103,611
14104,445
14105,332
14106,264
14107,161
14108,59
14109,27
14110,18
14111,13
14112,15
14113,38
14114,156
14115,487
14116,704
14117,347
14118,216
14119,253
14120,286
14121,296
14122,278
14123,297
14124,443
14125,807
14126,812
14127,603
14128,438
14129,337
14130,267
14131,179
14132,64
14133,27
14134,16
14135,5
14136,5
14137,20
14138,127
14139,373
14140,607
14141,331
14142,222
14143,251
14144,324
14145,318
14146,300
14147,302
14148,361
14149,678
14150,579
14151,390
14152,291
14153,200
14154,94
14155,72
14156,123
14157,74
14158,60
14159,28
14160,14
14161,13
14162,38
14163,75
14164,179
14165,299
14166,446
14167,527
14168,590
14169,587
14170,577
14171,583
14172,567
14173,556
14174,497
14175,404
14176,337
14177,270
14178,236
14179,191
14180,143
14181,105
14182,77
14183,36
14184,11
14185,12
14186,36
14187,75
14188,150
14189,254
14190,391
14191,349
14192,415
14193,323
14194,395
14195,486
14196,483
14197,351
14198,308
14199,315
14200,268
14201,142
14202,136
14203,77
14204,48
14205,25
14206,16
14207,12
14208,14
14209,33
14210,139
14211,462
14212,669
14213,319
14214,202
14215,228
14216,276
14217,267
14218,264
14219,272
14220,426
14221,807
14222,689
14223,522
14224,262
14225,246
14226,148
14227,94
14228,46
14229,22
14230,12
14231,11
14232,13
14233,39
14234,163
14235,490
14236,683
14237,340
14238,213
14239,241
14240,305
14241,301
14242,289
14243,306
14244,471
14245,835
14246,832
14247,488
14248,407
14249,298
14250,200
14251,113
14252,52
14253,26
14254,17
14255,14
14256,18
14257,41
14258,159
14259,490
14260,707
14261,345
14262,215
14263,242
14264,295
14265,291
14266,280
14267,293
14268,403
14269,726
14270,718
14271,519
14272,424
14273,310
14274,240
14275,132
14276,61
14277,30
14278,19
14279,15
14280,16
14281,38
14282,151
14283,457
14284,688
14285,345
14286,218
14287,260
14288,327
14289,301
14290,287
14291,301
14292,452
14293,829
14294,820
14295,604
14296,425
14297,330
14298,240
14299,153
14300,74
14301,33
14302,23
14303,14
14304,15
14305,35
14306,141
14307,423
14308,670
14309,361
14310,261
14311,300
14312,360
14313,359
14314,346
14315,366
14316,483
14317,767
14318,643
14319,500
14320,361
14321,282
14322,239
14323,183
14324,146
14325,100
14326,72
14327,35
14328,16
14329,16
14330,47
14331,86
14332,176
14333,287
14334,416
14335,486
14336,448
14337,548
14338,474
14339,441
14340,462
14341,439
14342,353
14343,278
14344,156
14345,211
14346,169
14347,139
14348,129
14349,108
14350,77
14351,38
14352,16
14353,16
14354,24
14355,67
14356,130
14357,232
14358,347
14359,425
14360,363
14361,321
14362,421
14363,253
14364,234
14365,327
14366,248
14367,235
14368,265
14369,220
14370,138
14371,85
14372,46
14373,22
14374,14
14375,10
14376,11
14377,31
14378,140
14379,440
14380,648
14381,313
14382,203
14383,228
14384,279
14385,272
14386,263
14387,275
14388,433
14389,832
14390,839
14391,580
14392,422
14393,299
14394,204
14395,131
14396,42
14397,23
14398,11
14399,17
14400,12
14401,39
14402,158
14403,468
14404,668
14405,335
14406,204
14407,228
14408,278
14409,277
14410,265
14411,299
14412,467
14413,875
14414,857
14415,635
14416,449
14417,339
14418,245
14419,151
14420,51
14421,22
14422,15
14423,12
14424,14
14425,39
14426,156
14427,494
14428,719
14429,342
14430,213
14431,244
14432,303
14433,289
14434,279
14435,290
14436,461
14437,853
14438,844
14439,620
14440,441
14441,329
14442,262
14443,164
14444,57
14445,27
14446,18
14447,13
14448,15
14449,36
14450,153
14451,475
14452,704
14453,349
14454,216
14455,259
14456,304
14457,298
14458,278
14459,284
14460,433
14461,809
14462,821
14463,619
14464,434
14465,324
14466,244
14467,167
14468,74
14469,39
14470,26
14471,18
14472,16
14473,35
14474,136
14475,392
14476,672
14477,343
14478,252
14479,290
14480,348
14481,345
14482,327
14483,339
14484,438
14485,714
14486,710
14487,515
14488,388
14489,302
14490,258
14491,197
14492,145
14493,105
14494,73
14495,38
14496,20
14497,20
14498,47
14499,100
14500,209
14501,321
14502,432
14503,492
14504,548
14505,536
14506,513
14507,521
14508,519
14509,489
14510,427
14511,323
14512,260
14513,112
14514,168
14515,174
14516,136
14517,111
14518,84
14519,40
14520,15
14521,14
14522,28
14523,61
14524,132
14525,234
14526,375
14527,448
14528,417
14529,402
14530,387
14531,412
14532,469
14533,475
14534,370
14535,229
14536,222
14537,246
14538,109
14539,58
14540,95
14541,77
14542,57
14543,29
14544,12
14545,16
14546,42
14547,101
14548,179
14549,252
14550,359
14551,390
14552,476
14553,477
14554,418
14555,454
14556,486
14557,481
14558,479
14559,392
14560,351
14561,288
14562,173
14563,97
14564,35
14565,20
14566,12
14567,12
14568,14
14569,37
14570,147
14571,450
14572,682
14573,335
14574,209
14575,218
14576,253
14577,259
14578,258
14579,256
14580,399
14581,768
14582,781
14583,594
14584,406
14585,302
14586,232
14587,148
14588,50
14589,21
14590,14
14591,8
14592,10
14593,33
14594,138
14595,460
14596,699
14597,323
14598,203
14599,230
14600,239
14601,264
14602,253
14603,250
14604,385
14605,784
14606,750
14607,584
14608,383
14609,298
14610,234
14611,145
14612,46
14613,23
14614,8
14615,9
14616,12
14617,35
14618,139
14619,453
14620,565
14621,268
14622,125
14623,180
14624,242
14625,218
14626,223
14627,276
14628,392
14629,680
14630,736
14631,551
14632,379
14633,253
14634,190
14635,134
14636,60
14637,34
14638,24
14639,15
14640,13
14641,30
14642,130
14643,404
14644,664
14645,356
14646,227
14647,279
14648,330
14649,321
14650,314
14651,339
14652,460
14653,734
14654,688
14655,508
14656,396
14657,290
14658,241
14659,153
14660,127
14661,87
14662,67
14663,34
14664,15
14665,16
14666,36
14667,81
14668,171
14669,269
14670,358
14671,452
14672,487
14673,475
14674,473
14675,294
14676,293
14677,288
14678,241
14679,170
14680,224
14681,211
14682,177
14683,158
14684,132
14685,104
14686,73
14687,37
14688,12
14689,14
14690,31
14691,82
14692,152
14693,266
14694,405
14695,507
14696,575
14697,579
14698,604
14699,589
14700,557
14701,535
14702,473
14703,404
14704,304
14705,242
14706,164
14707,89
14708,42
14709,23
14710,11
14711,10
14712,11
14713,31
14714,131
14715,456
14716,643
14717,328
14718,199
14719,227
14720,277
14721,279
14722,274
14723,306
14724,448
14725,827
14726,797
14727,594
14728,419
14729,270
14730,191
14731,110
14732,43
14733,21
14734,16
14735,13
14736,15
14737,38
14738,149
14739,483
14740,683
14741,351
14742,225
14743,264
14744,302
14745,341
14746,361
14747,347
14748,488
14749,891
14750,835
14751,607
14752,389
14753,289
14754,207
14755,117
14756,46
14757,23
14758,17
14759,14
14760,15
14761,39
14762,146
14763,477
14764,682
14765,349
14766,211
14767,232
14768,291
14769,289
14770,270
14771,294
14772,452
14773,835
14774,823
14775,606
14776,433
14777,316
14778,223
14779,130
14780,52
14781,29
14782,18
14783,12
14784,14
14785,36
14786,141
14787,464
14788,671
14789,347
14790,217
14791,244
14792,296
14793,295
14794,285
14795,301
14796,445
14797,824
14798,788
14799,585
14800,401
14801,314
14802,215
14803,142
14804,64
14805,36
14806,23
14807,14
14808,14
14809,32
14810,131
14811,406
14812,646
14813,357
14814,251
14815,290
14816,356
14817,351
14818,352
14819,360
14820,464
14821,778
14822,728
14823,533
14824,386
14825,282
14826,201
14827,168
14828,132
14829,100
14830,73
14831,34
14832,15
14833,17
14834,46
14835,102
14836,208
14837,347
14838,454
14839,543
14840,609
14841,606
14842,607
14843,595
14844,578
14845,566
14846,479
14847,403
14848,332
14849,264
14850,224
14851,181
14852,133
14853,108
14854,79
14855,38
14856,15
14857,15
14858,31
14859,83
14860,161
14861,246
14862,427
14863,513
14864,584
14865,572
14866,564
14867,552
14868,543
14869,535
14870,452
14871,380
14872,311
14873,243
14874,152
14875,81
14876,45
14877,23
14878,15
14879,14
14880,13
14881,35
14882,134
14883,461
14884,653
14885,347
14886,204
14887,213
14888,252
14889,259
14890,244
14891,265
14892,387
14893,776
14894,717
14895,551
14896,338
14897,168
14898,108
14899,65
14900,29
14901,14
14902,10
14903,10
14904,9
14905,32
14906,134
14907,423
14908,647
14909,318
14910,170
14911,200
14912,174
14913,228
14914,98
14915,145
14916,200
14917,425
14918,525
14919,392
14920,279
14921,215
14922,94
14923,98
14924,43
14925,20
14926,12
14927,13
14928,14
14929,37
14930,145
14931,481
14932,683
14933,345
14934,195
14935,232
14936,275
14937,272
14938,256
14939,278
14940,432
14941,825
14942,771
14943,577
14944,382
14945,271
14946,205
14947,117
14948,52
14949,28
14950,19
14951,13
14952,17
14953,37
14954,141
14955,455
14956,682
14957,363
14958,215
14959,253
14960,297
14961,298
14962,281
14963,299
14964,441
14965,813
14966,788
14967,568
14968,388
14969,297
14970,218
14971,145
14972,66
14973,37
14974,25
14975,18
14976,17
14977,34
14978,137
14979,427
14980,664
14981,386
14982,263
14983,299
14984,358
14985,357
14986,344
14987,365
14988,488
14989,778
14990,734
14991,538
14992,381
14993,272
14994,223
14995,160
14996,134
14997,97
14998,63
14999,32
15000,15
15001,18
15002,45
15003,101
15004,182
15005,308
15006,423
15007,522
15008,577
15009,559
15010,571
15011,562
15012,555
15013,552
15014,492
15015,420
15016,348
15017,289
15018,249
15019,205
15020,144
15021,107
15022,81
15023,35
15024,20
15025,19
15026,57
15027,105
15028,154
15029,250
15030,398
15031,484
15032,553
15033,585
15034,573
15035,563
15036,551
15037,484
15038,433
15039,342
15040,270
15041,189
15042,152
15043,89
15044,46
15045,24
15046,17
15047,14
15048,19
15049,39
15050,154
15051,463
15052,667
15053,375
15054,202
15055,242
15056,276
15057,286
15058,297
15059,314
15060,420
15061,808
15062,754
15063,545
15064,350
15065,243
15066,170
15067,89
15068,45
15069,23
15070,14
15071,12
15072,21
15073,46
15074,162
15075,475
15076,674
15077,381
15078,199
15079,238
15080,275
15081,273
15082,276
15083,306
15084,460
15085,851
15086,841
15087,596
15088,420
15089,306
15090,231
15091,151
15092,49
15093,24
15094,19
15095,19
15096,20
15097,43
15098,167
15099,493
15100,671
15101,371
15102,188
15103,235
15104,277
15105,265
15106,256
15107,280
15108,439
15109,842
15110,837
15111,619
15112,431
15113,325
15114,175
15115,114
15116,55
15117,29
15118,19
15119,16
15120,20
15121,43
15122,155
15123,475
15124,695
15125,371
15126,215
15127,248
15128,297
15129,280
15130,269
15131,291
15132,408
15133,721
15134,708
15135,589
15136,371
15137,142
15138,97
15139,94
15140,56
15141,30
15142,16
15143,16
15144,25
15145,37
15146,145
15147,394
15148,615
15149,359
15150,227
15151,279
15152,344
15153,342
15154,332
15155,354
15156,478
15157,755
15158,690
15159,474
15160,329
15161,249
15162,211
15163,169
15164,134
15165,100
15166,69
15167,36
15168,21
15169,25
15170,64
15171,107
15172,178
15173,281
15174,393
15175,483
15176,593
15177,592
15178,596
15179,589
15180,570
15181,550
15182,454
15183,358
15184,289
15185,241
15186,190
15187,161
15188,132
15189,105
15190,73
15191,35
15192,15
15193,17
15194,57
15195,92
15196,163
15197,252
15198,399
15199,517
15200,570
15201,563
15202,552
15203,558
15204,555
15205,516
15206,388
15207,203
15208,157
15209,186
15210,118
15211,68
15212,41
15213,18
15214,10
15215,7
15216,12
15217,32
15218,145
15219,448
15220,610
15221,365
15222,204
15223,237
15224,285
15225,282
15226,269
15227,284
15228,434
15229,641
15230,591
15231,506
15232,280
15233,234
15234,133
15235,90
15236,43
15237,17
15238,11
15239,9
15240,19
15241,40
15242,146
15243,320
15244,408
15245,251
15246,131
15247,133
15248,213
15249,206
15250,142
15251,179
15252,235
15253,418
15254,379
15255,334
15256,195
15257,141
15258,142
15259,102
15260,34
15261,18
15262,12
15263,11
15264,19
15265,37
15266,148
15267,419
15268,617
15269,349
15270,204
15271,224
15272,262
15273,243
15274,232
15275,277
15276,421
15277,822
15278,805
15279,612
15280,443
15281,297
15282,257
15283,160
15284,44
15285,24
15286,21
15287,16
15288,24
15289,43
15290,128
15291,446
15292,636
15293,355
15294,213
15295,246
15296,291
15297,270
15298,261
15299,283
15300,433
15301,820
15302,800
15303,588
15304,413
15305,316
15306,261
15307,179
15308,70
15309,40
15310,26
15311,18
15312,23
15313,40
15314,152
15315,430
15316,654
15317,392
15318,277
15319,298
15320,362
15321,356
15322,347
15323,368
15324,497
15325,788
15326,725
15327,503
15328,326
15329,264
15330,208
15331,154
15332,134
15333,94
15334,75
15335,37
15336,20
15337,26
15338,54
15339,108
15340,180
15341,277
15342,416
15343,529
15344,596
15345,501
15346,519
15347,588
15348,551
15349,497
15350,423
15351,315
15352,260
15353,201
15354,172
15355,142
15356,116
15357,91
15358,69
15359,38
15360,20
15361,21
15362,62
15363,74
15364,101
15365,158
15366,316
15367,348
15368,383
15369,386
15370,370
15371,259
15372,234
15373,199
15374,166
15375,193
15376,201
15377,145
15378,113
15379,67
15380,68
15381,55
15382,39
15383,22
15384,17
15385,22
15386,71
15387,125
15388,180
15389,206
15390,262
15391,286
15392,317
15393,316
15394,306
15395,246
15396,283
15397,361
15398,311
15399,242
15400,158
15401,162
15402,81
15403,74
15404,33
15405,11
15406,8
15407,6
15408,21
15409,40
15410,140
15411,438
15412,638
15413,362
15414,170
15415,202
15416,228
15417,241
15418,242
15419,260
15420,358
15421,713
15422,667
15423,496
15424,322
15425,228
15426,164
15427,108
15428,44
15429,18
15430,12
15431,12
15432,23
15433,45
15434,161
15435,475
15436,689
15437,382
15438,198
15439,233
15440,272
15441,272
15442,272
15443,290
15444,445
15445,792
15446,705
15447,484
15448,345
15449,258
15450,180
15451,106
15452,51
15453,26
15454,15
15455,11
15456,19
15457,40
15458,148
15459,434
15460,645
15461,361
15462,181
15463,225
15464,257
15465,273
15466,283
15467,285
15468,384
15469,733
15470,648
15471,464
15472,287
15473,224
15474,168
15475,115
15476,57
15477,29
15478,19
15479,12
15480,19
15481,35
15482,131
15483,380
15484,619
15485,388
15486,245
15487,290
15488,326
15489,328
15490,318
15491,316
15492,383
15493,639
15494,567
15495,402
15496,256
15497,198
15498,156
15499,112
15500,97
15501,74
15502,52
15503,27
15504,17
15505,19
15506,57
15507,80
15508,147
15509,229
15510,335
15511,409
15512,468
15513,481
15514,504
15515,528
15516,502
15517,433
15518,371
15519,289
15520,233
15521,184
15522,159
15523,120
15524,104
15525,77
15526,64
15527,27
15528,9
15529,12
15530,46
15531,77
15532,130
15533,213
15534,382
15535,465
15536,562
15537,560
15538,558
15539,551
15540,544
15541,533
15542,411
15543,323
15544,255
15545,178
15546,117
15547,69
15548,40
15549,20
15550,14
15551,11
15552,20
15553,31
15554,139
15555,454
15556,669
15557,272
15558,182
15559,200
15560,190
15561,194
15562,209
15563,249
15564,384
15565,782
15566,513
15567,357
15568,285
15569,237
15570,161
15571,85
15572,39
15573,24
15574,16
15575,13
15576,23
15577,42
15578,162
15579,474
15580,665
15581,385
15582,198
15583,224
15584,251
15585,263
15586,262
15587,272
15588,407
15589,790
15590,752
15591,510
15592,318
15593,233
15594,157
15595,92
15596,40
15597,22
15598,15
15599,13
15600,23
15601,44
15602,148
15603,442
15604,627
15605,364
15606,173
15607,214
15608,263
15609,255
15610,244
15611,270
15612,402
15613,764
15614,736
15615,503
15616,352
15617,227
15618,161
15619,100
15620,48
15621,27
15622,18
15623,13
15624,20
15625,39
15626,146
15627,442
15628,637
15629,367
15630,197
15631,232
15632,290
15633,272
15634,251
15635,289
15636,427
15637,671
15638,629
15639,455
15640,312
15641,245
15642,172
15643,126
15644,60
15645,28
15646,19
15647,13
15648,18
15649,33
15650,118
15651,247
15652,593
15653,349
15654,202
15655,256
15656,320
15657,302
15658,326
15659,328
15660,318
15661,561
15662,566
15663,385
15664,308
15665,238
15666,192
15667,137
15668,117
15669,90
15670,61
15671,31
15672,22
15673,24
15674,62
15675,95
15676,178
15677,280
15678,410
15679,494
15680,555
15681,552
15682,549
15683,547
15684,523
15685,508
15686,437
15687,334
15688,272
15689,192
15690,167
15691,132
15692,116
15693,89
15694,68
15695,36
15696,18
15697,19
15698,53
15699,93
15700,142
15701,229
15702,375
15703,466
15704,532
15705,533
15706,524
15707,511
15708,501
15709,476
15710,407
15711,310
15712,228
15713,152
15714,112
15715,69
15716,41
15717,22
15718,16
15719,13
15720,19
15721,39
15722,139
15723,434
15724,630
15725,370
15726,199
15727,232
15728,286
15729,292
15730,280
15731,308
15732,440
15733,821
15734,728
15735,513
15736,330
15737,231
15738,147
15739,84
15740,39
15741,24
15742,16
15743,15
15744,23
15745,47
15746,153
15747,462
15748,646
15749,371
15750,201
15751,237
15752,279
15753,280
15754,278
15755,293
15756,456
15757,849
15758,807
15759,573
15760,364
15761,270
15762,192
15763,108
15764,45
15765,25
15766,18
15767,15
15768,23
15769,40
15770,156
15771,451
15772,642
15773,364
15774,182
15775,222
15776,272
15777,270
15778,274
15779,287
15780,443
15781,826
15782,802
15783,546
15784,385
15785,279
15786,227
15787,117
15788,51
15789,25
15790,14
15791,10
15792,15
15793,32
15794,143
15795,422
15796,637
15797,349
15798,173
15799,192
15800,231
15801,212
15802,227
15803,264
15804,358
15805,755
15806,600
15807,426
15808,265
15809,213
15810,171
15811,120
15812,56
15813,25
15814,15
15815,10
15816,15
15817,30
15818,134
15819,367
15820,589
15821,342
15822,197
15823,231
15824,285
15825,290
15826,309
15827,328
15828,358
15829,579
15830,525
15831,355
15832,250
15833,220
15834,165
15835,143
15836,111
15837,77
15838,54
15839,23
15840,13
15841,17
15842,49
15843,93
15844,166
15845,233
15846,322
15847,430
15848,550
15849,561
15850,552
15851,435
15852,418
15853,393
15854,342
15855,254
15856,222
15857,193
15858,158
15859,127
15860,101
15861,81
15862,62
15863,26
15864,5
15865,9
15866,44
15867,91
15868,109
15869,213
15870,302
15871,359
15872,320
15873,332
15874,337
15875,321
15876,227
15877,159
15878,68
15879,65
15880,65
15881,55
15882,42
15883,26
15884,24
15885,108
15886,104
15887,105
15888,154
15889,326
15890,357
15891,470
15892,213
15893,151
15894,125
15895,70
15896,35
15897,19
15898,13
15899,14
15900,17
15901,43
15902,147
15903,384
15904,626
15905,327
15906,148
15907,159
15908,214
15909,210
15910,186
15911,212
15912,295
15913,569
15914,542
15915,418
15916,265
15917,202
15918,154
15919,84
15920,42
15921,25
15922,17
15923,14
15924,21
15925,39
15926,142
15927,414
15928,619
15929,287
15930,128
15931,133
15932,152
15933,209
15934,197
15935,211
15936,282
15937,479
15938,529
15939,397
15940,243
15941,194
15942,155
15943,100
15944,51
15945,29
15946,20
15947,14
15948,20
15949,36
15950,131
15951,354
15952,603
15953,358
15954,202
15955,243
15956,276
15957,265
15958,252
15959,267
15960,342
15961,587
15962,480
15963,360
15964,197
15965,159
15966,145
15967,109
15968,92
15969,61
15970,47
15971,26
15972,17
15973,20
15974,63
15975,87
15976,156
15977,212
15978,289
15979,295
15980,305
15981,334
15982,326
15983,315
15984,318
15985,307
15986,252
15987,241
15988,195
15989,161
15990,137
15991,109
15992,98
15993,73
15994,59
15995,31
15996,13
15997,14
15998,51
15999,64
16000,112
16001,188
16002,274
16003,350
16004,407
16005,414
16006,397
16007,387
16008,379
16009,323
16010,264
16011,203
16012,150
16013,112
16014,84
16015,54
16016,35
16017,21
16018,15
16019,13
16020,17
16021,33
16022,130
16023,393
16024,573
16025,325
16026,155
16027,168
16028,208
16029,204
16030,209
16031,212
16032,299
16033,618
16034,587
16035,433
16036,232
16037,160
16038,120
16039,63
16040,33
16041,18
16042,13
16043,12
16044,20
16045,40
16046,141
16047,396
16048,610
16049,335
16050,153
16051,169
16052,199
16053,196
16054,200
16055,195
16056,304
16057,605
16058,575
16059,410
16060,241
16061,162
16062,120
16063,72
16064,33
16065,18
16066,12
16067,11
16068,18
16069,38
16070,133
16071,397
16072,600
16073,332
16074,143
16075,154
16076,186
16077,181
16078,165
16079,178
16080,245
16081,516
16082,495
16083,386
16084,229
16085,169
16086,92
16087,60
16088,34
16089,22
16090,13
16091,20
16092,41
16093,141
16094,415
16095,619
16096,349
16097,169
16098,195
16099,234
16100,230
16101,219
16102,228
16103,297
16104,580
16105,554
16106,405
16107,243
16108,186
16109,143
16110,94
16111,46
16112,27
16113,20
16114,13
16115,18
16116,35
16117,128
16118,354
16119,603
16120,348
16121,193
16122,233
16123,287
16124,287
16125,281
16126,296
16127,370
16128,605
16129,540
16130,353
16131,225
16132,172
16133,141
16134,103
16135,90
16136,71
16137,52
16138,29
16139,16
16140,24
16141,52
16142,74
16143,142
16144,219
16145,309
16146,369
16147,481
16148,522
16149,527
16150,508
16151,496
16152,412
16153,313
16154,274
16155,230
16156,185
16157,153
16158,114
16159,96
16160,78
16161,59
16162,31
16163,17
16164,17
16165,50
16166,73
16167,113
16168,180
16169,290
16170,379
16171,486
16172,490
16173,536
16174,472
16175,455
16176,397
16177,335
16178,255
16179,199
16180,151
16181,109
16182,66
16183,71
16184,56
16185,41
16186,24
16187,20
16188,24
16189,71
16190,132
16191,199
16192,202
16193,290
16194,356
16195,402
16196,442
16197,391
16198,390
16199,432
16200,410
16201,345
16202,297
16203,222
16204,149
16205,130
16206,78
16207,34
16208,19
16209,10
16210,10
16211,17
16212,32
16213,107
16214,229
16215,362
16216,206
16217,101
16218,156
16219,192
16220,192
16221,189
16222,207
16223,301
16224,585
16225,583
16226,399
16227,222
16228,163
16229,118
16230,64
16231,31
16232,16
16233,11
16234,9
16235,18
16236,37
16237,134
16238,402
16239,622
16240,327
16241,149
16242,162
16243,193
16244,198
16245,188
16246,196
16247,283
16248,589
16249,568
16250,412
16251,248
16252,188
16253,145
16254,73
16255,36
16256,19
16257,13
16258,12
16259,21
16260,38
16261,131
16262,391
16263,591
16264,343
16265,152
16266,171
16267,207
16268,209
16269,197
16270,209
16271,264
16272,524
16273,496
16274,388
16275,240
16276,176
16277,136
16278,98
16279,47
16280,27
16281,18
16282,15
16283,20
16284,34
16285,129
16286,354
16287,580
16288,351
16289,190
16290,230
16291,274
16292,278
16293,268
16294,282
16295,342
16296,546
16297,488
16298,355
16299,217
16300,166
16301,134
16302,104
16303,86
16304,62
16305,44
16306,22
16307,15
16308,17
16309,48
16310,66
16311,122
16312,210
16313,289
16314,355
16315,415
16316,420
16317,418
16318,412
16319,382
16320,325
16321,268
16322,219
16323,176
16324,144
16325,125
16326,96
16327,90
16328,70
16329,54
16330,30
16331,14
16332,15
16333,43
16334,50
16335,89
16336,148
16337,241
16338,319
16339,373
16340,358
16341,354
16342,368
16343,287
16344,246
16345,227
16346,192
16347,163
16348,114
16349,80
16350,48
16351,36
16352,20
16353,13
16354,14
16355,19
16356,35
16357,128
16358,392
16359,572
16360,338
16361,148
16362,165
16363,199
16364,223
16365,217
16366,227
16367,308
16368,573
16369,517
16370,406
16371,230
16372,177
16373,122
16374,64
16375,33
16376,20
16377,12
16378,13
16379,23
16380,43
16381,139
16382,411
16383,620
16384,338
16385,166
16386,182
16387,201
16388,206
16389,197
16390,214
16391,288
16392,532
16393,522
16394,393
16395,235
16396,189
16397,135
16398,66
16399,31
16400,17
16401,12
16402,11
16403,18
16404,39
16405,135
16406,359
16407,576
16408,312
16409,153
16410,188
16411,223
16412,212
16413,200
16414,214
16415,295
16416,564
16417,564
16418,398
16419,236
16420,192
16421,132
16422,70
16423,62
16424,50
16425,32
16426,16
16427,14
16428,19
16429,55
16430,62
16431,117
16432,141
16433,219
16434,266
16435,294
16436,297
16437,312
16438,310
16439,294
16440,245
16441,195
16442,169
16443,155
16444,130
16445,100
16446,60
16447,41
16448,26
16449,13
16450,6
16451,12
16452,25
16453,108
16454,255
16455,486
16456,252
16457,185
16458,240
16459,281
16460,287
16461,307
16462,302
16463,340
16464,467
16465,385
16466,295
16467,225
16468,184
16469,126
16470,105
16471,88
16472,52
16473,34
16474,13
16475,7
16476,8
16477,44
16478,51
16479,101
16480,162
16481,230
16482,259
16483,267
16484,332
16485,308
16486,306
16487,283
16488,213
16489,161
16490,137
16491,120
16492,98
16493,82
16494,60
16495,72
16496,56
16497,40
16498,14
16499,2
16500,2
16501,33
16502,34
16503,71
16504,125
16505,207
16506,238
16507,272
16508,264
16509,262
16510,280
16511,265
16512,206
16513,154
16514,125
16515,105
16516,82
16517,53
16518,17
16519,20
16520,8
16521,3
16522,2
16523,6
16524,24
16525,111
16526,345
16527,538
16528,284
16529,136
16530,169
16531,205
16532,200
16533,195
16534,202
16535,291
16536,567
16537,517
16538,379
16539,217
16540,155
16541,106
16542,53
16543,30
16544,16
16545,11
16546,10
16547,19
16548,38
16549,137
16550,266
16551,399
16552,312
16553,91
16554,88
16555,91
16556,86
16557,82
16558,148
16559,223
16560,445
16561,462
16562,361
16563,204
16564,143
16565,107
16566,56
16567,31
16568,17
16569,12
16570,12
16571,21
16572,38
16573,132
16574,389
16575,617
16576,329
16577,137
16578,159
16579,194
16580,186
16581,177
16582,184
16583,274
16584,572
16585,548
16586,428
16587,246
16588,184
16589,134
16590,70
16591,37
16592,20
16593,13
16594,17
16595,32
16596,130
16597,381
16598,590
16599,323
16600,147
16601,179
16602,212
16603,202
16604,188
16605,197
16606,287
16607,572
16608,541
16609,387
16610,234
16611,165
16612,125
16613,85
16614,45
16615,27
16616,19
16617,13
16618,19
16619,32
16620,125
16621,328
16622,531
16623,318
16624,168
16625,199
16626,257
16627,258
16628,245
16629,264
16630,343
16631,546
16632,440
16633,346
16634,211
16635,162
16636,127
16637,89
16638,86
16639,69
16640,50
16641,26
16642,20
16643,21
16644,51
16645,70
16646,121
16647,153
16648,228
16649,270
16650,291
16651,304
16652,312
16653,346
16654,323
16655,255
16656,225
16657,185
16658,188
16659,134
16660,115
16661,96
16662,95
16663,76
16664,60
16665,32
16666,17
16667,19
16668,47
16669,61
16670,108
16671,156
16672,248
16673,279
16674,319
16675,383
16676,387
16677,382
16678,322
16679,178
16680,238
16681,181
16682,168
16683,145
16684,109
16685,77
16686,44
16687,27
16688,20
16689,15
16690,19
16691,35
16692,132
16693,388
16694,607
16695,339
16696,176
16697,203
16698,247
16699,250
16700,259
16701,272
16702,434
16703,702
16704,664
16705,490
16706,268
16707,207
16708,150
16709,92
16710,41
16711,26
16712,18
16713,17
16714,24
16715,42
16716,138
16717,445
16718,631
16719,366
16720,163
16721,198
16722,246
16723,234
16724,225
16725,261
16726,382
16727,718
16728,694
16729,485
16730,321
16731,231
16732,162
16733,104
16734,39
16735,20
16736,19
16737,14
16738,15
16739,35
16740,126
16741,329
16742,644
16743,383
16744,168
16745,191
16746,220
16747,218
16748,208
16749,219
16750,320
16751,638
16752,611
16753,439
16754,254
16755,190
16756,142
16757,82
16758,40
16759,24
16760,16
16761,13
16762,19
16763,36
16764,133
16765,388
16766,606
16767,333
16768,145
16769,166
16770,207
16771,198
16772,184
16773,200
16774,281
16775,554
16776,518
16777,388
16778,211
16779,162
16780,133
16781,88
16782,45
16783,27
16784,18
16785,14
16786,19
16787,34
16788,123
16789,237
16790,563
16791,342
16792,174
16793,188
16794,228
16795,242
16796,224
16797,238
16798,314
16799,500
16800,443
16801,339
16802,133
16803,159
16804,126
16805,100
16806,86
16807,67
16808,50
16809,26
16810,17
16811,21
16812,51
16813,72
16814,145
16815,193
16816,264
16817,285
16818,295
16819,307
16820,247
16821,372
16822,352
16823,269
16824,243
16825,229
16826,166
16827,145
16828,132
16829,111
16830,107
16831,84
16832,66
16833,36
16834,18
16835,23
16836,37
16837,40
16838,69
16839,154
16840,213
16841,223
16842,251
16843,236
16844,270
16845,180
16846,167
16847,125
16848,100
16849,93
16850,84
16851,121
16852,55
16853,40
16854,24
16855,20
16856,18
16857,17
16858,22
16859,39
16860,133
16861,362
16862,553
16863,321
16864,147
16865,92
16866,93
16867,92
16868,164
16869,193
16870,276
16871,495
16872,458
16873,460
16874,245
16875,177
16876,136
16877,80
16878,25
16879,20
16880,11
16881,9
16882,18
16883,32
16884,132
16885,406
16886,598
16887,334
16888,150
16889,158
16890,181
16891,190
16892,180
16893,194
16894,280
16895,568
16896,552
16897,411
16898,247
16899,190
16900,129
16901,73
16902,33
16903,18
16904,12
16905,10
16906,18
16907,37
16908,130
16909,385
16910,585
16911,336
16912,144
16913,153
16914,191
16915,183
16916,171
16917,182
16918,260
16919,518
16920,500
16921,384
16922,239
16923,173
16924,130
16925,81
16926,36
16927,18
16928,11
16929,9
16930,17
16931,34
16932,128
16933,383
16934,596
16935,327
16936,150
16937,170
16938,205
16939,202
16940,190
16941,201
16942,275
16943,554
16944,532
16945,390
16946,235
16947,186
16948,138
16949,92
16950,40
16951,24
16952,15
16953,11
16954,17
16955,30
16956,113
16957,325
16958,563
16959,325
16960,162
16961,204
16962,260
16963,250
16964,255
16965,273
16966,334
16967,537
16968,490
16969,356
16970,218
16971,167
16972,131
16973,105
16974,85
16975,62
16976,47
16977,25
16978,18
16979,21
16980,51
16981,66
16982,127
16983,171
16984,265
16985,321
16986,396
16987,382
16988,398
16989,409
16990,381
16991,325
16992,272
16993,231
16994,193
16995,168
16996,140
16997,109
16998,92
16999,64
17000,57
17001,30
17002,15
17003,16
17004,48
17005,66
17006,109
17007,159
17008,241
17009,264
17010,301
17011,300
17012,283
17013,274
17014,262
17015,224
17016,123
17017,186
17018,154
17019,122
17020,97
17021,59
17022,32
17023,21
17024,14
17025,13
17026,18
17027,36
17028,130
17029,379
17030,578
17031,338
17032,151
17033,162
17034,182
17035,177
17036,169
17037,183
17038,129
17039,409
17040,433
17041,381
17042,200
17043,176
17044,125
17045,46
17046,36
17047,19
17048,12
17049,13
17050,23
17051,41
17052,140
17053,398
17054,619
17055,346
17056,174
17057,199
17058,167
17059,228
17060,199
17061,206
17062,310
17063,576
17064,575
17065,418
17066,252
17067,192
17068,134
17069,74
17070,32
17071,19
17072,13
17073,10
17074,19
17075,39
17076,132
17077,382
17078,599
17079,313
17080,147
17081,187
17082,213
17083,212
17084,202
17085,208
17086,309
17087,576
17088,560
17089,414
17090,264
17091,194
17092,152
17093,84
17094,42
17095,22
17096,14
17097,14
17098,21
17099,39
17100,135
17101,395
17102,601
17103,348
17104,165
17105,175
17106,217
17107,207
17108,194
17109,200
17110,255
17111,519
17112,476
17113,267
17114,143
17115,110
17116,70
17117,52
17118,36
17119,20
17120,17
17121,13
17122,12
17123,18
17124,77
17125,273
17126,500
17127,291
17128,150
17129,161
17130,190
17131,190
17132,177
17133,188
17134,220
17135,370
17136,336
17137,258
17138,147
17139,115
17140,91
17141,71
17142,46
17143,34
17144,25
17145,8
17146,0
17147,0
17148,7
17149,19
17150,64
17151,116
17152,148
17153,197
17154,221
17155,250
17156,245
17157,227
17158,213
17159,160
17160,125
17161,87
17162,95
17163,76
17164,61
17165,54
17166,52
17167,43
17168,32
17169,15
17170,1
17171,0
17172,4
17173,3
17174,37
17175,84
17176,134
17177,172
17178,242
17179,245
17180,236
17181,248
17182,238
17183,190
17184,134
17185,106
17186,97
17187,73
17188,52
17189,31
17190,11
17191,2
17192,0
17193,0
17194,14
17195,69
17196,253
17197,461
17198,240
17199,99
17200,94
17201,132
17202,64
17203,58
17204,61
17205,85
17206,234
17207,240
17208,236
17209,101
17210,73
17211,64
17212,30
17213,33
17214,31
17215,23
17216,6
17217,12
17218,29
17219,47
17220,103
17221,116
17222,166
17223,191
17224,221
17225,264
17226,248
17227,229
17228,216
17229,191
17230,157
17231,130
17232,126
17233,96
17234,69
17235,40
17236,21
17237,5
17238,2
17239,2
17240,1
17241,18
17242,80
17243,151
17244,269
17245,138
17246,61
17247,59
17248,80
17249,73
17250,68
17251,79
17252,103
17253,202
17254,192
17255,178
17256,98
17257,110
17258,56
17259,31
17260,18
17261,11
17262,3
17263,4
17264,2
17265,21
17266,82
17267,266
17268,479
17269,254
17270,119
17271,132
17272,164
17273,162
17274,133
17275,148
17276,186
17277,360
17278,339
17279,263
17280,158
17281,122
17282,86
17283,63
17284,37
17285,22
17286,16
17287,12
17288,9
17289,19
17290,77
17291,220
17292,441
17293,267
17294,147
17295,175
17296,217
17297,216
17298,203
17299,222
17300,260
17301,388
17302,344
17303,233
17304,127
17305,113
17306,82
17307,64
17308,60
17309,48
17310,35
17311,20
17312,9
17313,9
17314,16
17315,20
17316,70
17317,138
17318,147
17319,137
17320,155
17321,153
17322,204
17323,216
17324,236
17325,169
17326,145
17327,112
17328,106
17329,94
17330,74
17331,65
17332,61
17333,48
17334,39
17335,21
17336,6
17337,8
17338,12
17339,15
17340,51
17341,94
17342,161
17343,211
17344,228
17345,239
17346,248
17347,240
17348,236
17349,174
17350,128
17351,123
17352,93
17353,67
17354,44
17355,26
17356,21
17357,12
17358,8
17359,6
17360,6
17361,20
17362,77
17363,268
17364,452
17365,220
17366,96
17367,101
17368,137
17369,144
17370,139
17371,145
17372,177
17373,355
17374,347
17375,262
17376,140
17377,107
17378,70
17379,38
